{
  "Get aws/sts" : {
    "transaction" : "Get aws/sts",
    "sampleCount" : 3000,
    "errorCount" : 0,
    "errorPct" : 0.0,
    "meanResTime" : 241.47700000000043,
    "medianResTime" : 224.0,
    "minResTime" : 175.0,
    "maxResTime" : 1872.0,
    "pct1ResTime" : 266.0,
    "pct2ResTime" : 301.0,
    "pct3ResTime" : 625.9899999999998,
    "throughput" : 6.959927059964412,
    "receivedKBytesPerSec" : 7.72116908214802,
    "sentKBytesPerSec" : 2.7187215077985982
  },
  "Get Phos" : {
    "transaction" : "Get Phos",
    "sampleCount" : 3000,
    "errorCount" : 0,
    "errorPct" : 0.0,
    "meanResTime" : 580.4766666666653,
    "medianResTime" : 544.0,
    "minResTime" : 459.0,
    "maxResTime" : 1433.0,
    "pct1ResTime" : 716.0,
    "pct2ResTime" : 787.0,
    "pct3ResTime" : 953.9399999999987,
    "throughput" : 6.954425332653345,
    "receivedKBytesPerSec" : 44.91173312972322,
    "sentKBytesPerSec" : 3.3821326324818024
  },
  "Total" : {
    "transaction" : "Total",
    "sampleCount" : 12000,
    "errorCount" : 0,
    "errorPct" : 0.0,
    "meanResTime" : 357.4032500000007,
    "medianResTime" : 350.0,
    "minResTime" : 137.0,
    "maxResTime" : 9927.0,
    "pct1ResTime" : 570.0,
    "pct2ResTime" : 652.0,
    "pct3ResTime" : 876.0,
    "throughput" : 27.646457106521797,
    "receivedKBytesPerSec" : 61.25958122529098,
    "sentKBytesPerSec" : 12.723039952586326
  },
  "Get Covid Exposure site" : {
    "transaction" : "Get Covid Exposure site",
    "sampleCount" : 3000,
    "errorCount" : 0,
    "errorPct" : 0.0,
    "meanResTime" : 176.9793333333335,
    "medianResTime" : 160.0,
    "minResTime" : 137.0,
    "maxResTime" : 5786.0,
    "pct1ResTime" : 196.0,
    "pct2ResTime" : 219.0,
    "pct3ResTime" : 514.9499999999989,
    "throughput" : 6.959491122009159,
    "receivedKBytesPerSec" : 7.197364353718457,
    "sentKBytesPerSec" : 3.5069310731999277
  },
  "Login  Request" : {
    "transaction" : "Login  Request",
    "sampleCount" : 3000,
    "errorCount" : 0,
    "errorPct" : 0.0,
    "meanResTime" : 430.6799999999996,
    "medianResTime" : 392.0,
    "minResTime" : 318.0,
    "maxResTime" : 9927.0,
    "pct1ResTime" : 453.0,
    "pct2ResTime" : 499.9499999999998,
    "pct3ResTime" : 842.3399999999856,
    "throughput" : 6.92687071688494,
    "receivedKBytesPerSec" : 1.8128919454347303,
    "sentKBytesPerSec" : 3.186089948879694
  }
}